<?xml version="1.0" encoding="UTF-8"?>
<feature
      id="org.tigris.subversion.subclipse"
      label="Subclipse"
      version="1.0.3"
      provider-name="tigris.org"
      colocation-affinity="org.tigris.subversion.subclipse">

   <install-handler/>

   <description url="%changesURL">
      %description
   </description>

   <copyright url="http://subclipse.tigris.org/">
      http://subclipse.tigris.org/
   </copyright>

   <license url="%licenseURL">
      %license
   </license>

   <url>
      <update label="%updateSiteName" url="http://subclipse.tigris.org/update_1.0.x"/>
      <discovery label="%updateSiteName" url="http://subclipse.tigris.org/update_1.0.x"/>
   </url>

   <requires>
      <import plugin="org.eclipse.core.resources"/>
      <import plugin="org.eclipse.ui"/>
      <import plugin="org.eclipse.team.core"/>
      <import plugin="org.eclipse.core.runtime"/>
      <import plugin="org.eclipse.osgi"/>
      <import plugin="org.eclipse.ui.ide"/>
      <import plugin="org.eclipse.ui.views"/>
      <import plugin="org.eclipse.jface.text"/>
      <import plugin="org.eclipse.ui.workbench.texteditor"/>
      <import plugin="org.eclipse.ui.editors"/>
      <import plugin="org.eclipse.team.ui"/>
      <import plugin="org.eclipse.compare"/>
   </requires>

   <plugin
         id="org.tigris.subversion.javahl.win32"
         os="win32"
         download-size="1504"
         install-size="3384"
         version="1.0.2"
         fragment="true"/>

   <plugin
         id="org.tigris.subversion.subclipse.core"
         download-size="1206"
         install-size="1370"
         version="1.0.3"/>

   <plugin
         id="org.tigris.subversion.subclipse.ui"
         download-size="3507"
         install-size="4440"
         version="1.0.3"/>

   <plugin
         id="org.tigris.subversion.subclipse"
         download-size="3"
         install-size="4"
         version="1.0.3"/>

</feature>
